{"schema":6,"addons":[{"id":"foxyproxy@eric.h.jung","icons":{"32":"https://addons.mozilla.org/user-media/addon_icons/2/2464-32.png?modified=mcrushed","64":"https://addons.mozilla.org/user-media/addon_icons/2/2464-64.png?modified=mcrushed","128":"https://addons.mozilla.org/user-media/addon_icons/2/2464-128.png?modified=mcrushed"},"name":"FoxyProxy Standard","version":"7.5.1","sourceURI":"https://addons.mozilla.org/firefox/downloads/file/3616824/foxyproxy_standard-7.5.1.xpi","homepageURL":"http://foxyproxy.mozdev.org","supportURL":"https://getfoxyproxy.org/","description":"FoxyProxy は Firefox の限定的なプロキシ機能を置き換える、高度なプロキシ管理ツールです。SwitchProxy や ProxyButton、QuickProxy、xyzproxy、ProxyTex、TorButton などよりも多くの機能を提供します。","fullDescription":"FoxyProxy は URL パターンに基づいた一つ以上のプロキシサーバを渡ってインターネット接続を自動的に切り替える Firefox 拡張機能です。つまり FoxyProxy は Firefox の接続設定ダイアログを手動で編集する一連の過程を自動化します。プロキシサーバの切り替えは URL 読み込みとあなたが定義した切り替え規則を基にして行われます。\n\nアニメーションアイコンがプロキシの利用を表示します。詳細なログはどのプロキシがいつ利用されたかを表示します。QuickAdd は新たな URL パターンのオンザフライ作成を容易にします。FoxyProxy は Portable Firefox と完全互換で、PAC ファイルの対応は Firefox よりも優れており、25 以上の言語に翻訳されています。","weeklyDownloads":17591,"type":"extension","creator":{"name":"Eric H. Jung","url":"https://addons.mozilla.org/ja/firefox/user/323/"},"developers":[],"screenshots":[{"url":"https://addons.mozilla.org/user-media/previews/full/5/5857.png?modified=1622132275","width":122,"height":150,"thumbnailURL":"https://addons.mozilla.org/user-media/previews/thumbs/5/5857.jpg?modified=1622132275","thumbnailWidth":122,"thumbnailHeight":150},{"url":"https://addons.mozilla.org/user-media/previews/full/11/11313.png?modified=1622132275","width":700,"height":458,"thumbnailURL":"https://addons.mozilla.org/user-media/previews/thumbs/11/11313.jpg?modified=1622132275","thumbnailWidth":533,"thumbnailHeight":349,"caption":"Proxies Tab"},{"url":"https://addons.mozilla.org/user-media/previews/full/20/20059.png?modified=1622132275","width":700,"height":458,"thumbnailURL":"https://addons.mozilla.org/user-media/previews/thumbs/20/20059.jpg?modified=1622132275","thumbnailWidth":533,"thumbnailHeight":349,"caption":"Global Settings"},{"url":"https://addons.mozilla.org/user-media/previews/full/20/20060.png?modified=1622132275","width":700,"height":458,"thumbnailURL":"https://addons.mozilla.org/user-media/previews/thumbs/20/20060.jpg?modified=1622132275","thumbnailWidth":533,"thumbnailHeight":349,"caption":"QuickAdd Settings"},{"url":"https://addons.mozilla.org/user-media/previews/full/20/20061.png?modified=1622132276","width":700,"height":465,"thumbnailURL":"https://addons.mozilla.org/user-media/previews/thumbs/20/20061.jpg?modified=1622132276","thumbnailWidth":533,"thumbnailHeight":354,"caption":"AutoAdd Settings"},{"url":"https://addons.mozilla.org/user-media/previews/full/20/20062.png?modified=1622132276","width":700,"height":458,"thumbnailURL":"https://addons.mozilla.org/user-media/previews/thumbs/20/20062.jpg?modified=1622132276","thumbnailWidth":533,"thumbnailHeight":349,"caption":"Logging"},{"url":"https://addons.mozilla.org/user-media/previews/full/20/20063.png?modified=1622132276","width":641,"height":474,"thumbnailURL":"https://addons.mozilla.org/user-media/previews/thumbs/20/20063.jpg?modified=1622132276","thumbnailWidth":533,"thumbnailHeight":394,"caption":"Proxy Settings - General Info"},{"url":"https://addons.mozilla.org/user-media/previews/full/20/20064.png?modified=1622132276","width":700,"height":392,"thumbnailURL":"https://addons.mozilla.org/user-media/previews/thumbs/20/20064.jpg?modified=1622132276","thumbnailWidth":533,"thumbnailHeight":298,"caption":"Proxy Settings - Details"},{"url":"https://addons.mozilla.org/user-media/previews/full/20/20065.png?modified=1622132276","width":700,"height":390,"thumbnailURL":"https://addons.mozilla.org/user-media/previews/thumbs/20/20065.jpg?modified=1622132276","thumbnailWidth":533,"thumbnailHeight":297,"caption":"Proxy Settings - URL Patterns"},{"url":"https://addons.mozilla.org/user-media/previews/full/20/20066.png?modified=1622132276","width":503,"height":312,"thumbnailURL":"https://addons.mozilla.org/user-media/previews/thumbs/20/20066.jpg?modified=1622132276","thumbnailWidth":503,"thumbnailHeight":312,"caption":"Add/Edit Pattern"},{"url":"https://addons.mozilla.org/user-media/previews/full/20/20067.png?modified=1622132276","width":700,"height":268,"thumbnailURL":"https://addons.mozilla.org/user-media/previews/thumbs/20/20067.jpg?modified=1622132276","thumbnailWidth":533,"thumbnailHeight":204,"caption":"QuickAdd Prompt"},{"url":"https://addons.mozilla.org/user-media/previews/full/20/20068.png?modified=1622132276","width":418,"height":297,"thumbnailURL":"https://addons.mozilla.org/user-media/previews/thumbs/20/20068.jpg?modified=1622132276","thumbnailWidth":418,"thumbnailHeight":297,"caption":"About Dialog"},{"url":"https://addons.mozilla.org/user-media/previews/full/36/36178.png?modified=1622132277","width":566,"height":333,"thumbnailURL":"https://addons.mozilla.org/user-media/previews/thumbs/36/36178.jpg?modified=1622132277","thumbnailWidth":533,"thumbnailHeight":314,"caption":"Toolbar icon with drop-down menu"},{"url":"https://addons.mozilla.org/user-media/previews/full/48/48944.png?modified=1622132277","width":552,"height":400,"thumbnailURL":"https://addons.mozilla.org/user-media/previews/thumbs/48/48944.jpg?modified=1622132277","thumbnailWidth":533,"thumbnailHeight":386,"caption":"Wildcard Reference: help on how to use wildcards"},{"url":"https://addons.mozilla.org/user-media/previews/full/48/48945.png?modified=1622132277","width":700,"height":350,"thumbnailURL":"https://addons.mozilla.org/user-media/previews/thumbs/48/48945.jpg?modified=1622132277","thumbnailWidth":533,"thumbnailHeight":266,"caption":"Pattern Template Reference: help on how to use pattern templates for QuickAdd and AutoAdd"}],"contributionURL":"https://paypal.me/ericjung2/9.99?utm_content=product-page-contribute&utm_medium=referral&utm_source=addons.mozilla.org","averageRating":4.2017,"reviewCount":221,"reviewURL":"https://addons.mozilla.org/ja/firefox/addon/foxyproxy-standard/reviews/","updateDate":1596097741000},{"id":"langpack-en-GB@firefox.mozilla.org","icons":{"32":"https://addons.mozilla.org/static-server/img/addon-icons/default-32.2b26add4b394.png","64":"https://addons.mozilla.org/static-server/img/addon-icons/default-64.d144b50f2bb8.png","128":"https://addons.mozilla.org/static-server/img/addon-icons/default-128.452018499894.png"},"name":"English (GB) Language Pack","version":"103.0buildid20220710.185935","sourceURI":"https://addons.mozilla.org/firefox/downloads/file/3973910/english_gb_language_pack-103.0buildid20220710.185935.xpi","homepageURL":null,"supportURL":null,"description":"English (GB) Language Pack","fullDescription":null,"weeklyDownloads":1448,"type":"locale","creator":{"name":"Mozilla Firefox","url":"https://addons.mozilla.org/ja/firefox/user/4757633/"},"developers":[],"screenshots":[],"contributionURL":"","averageRating":3.6989,"reviewCount":246,"reviewURL":"https://addons.mozilla.org/ja/firefox/addon/english-gb-language-pack/reviews/","updateDate":1657487821000},{"id":"langpack-en-CA@firefox.mozilla.org","icons":{"32":"https://addons.mozilla.org/static-server/img/addon-icons/default-32.2b26add4b394.png","64":"https://addons.mozilla.org/static-server/img/addon-icons/default-64.d144b50f2bb8.png","128":"https://addons.mozilla.org/static-server/img/addon-icons/default-128.452018499894.png"},"name":"English (CA) Language Pack","version":"103.0buildid20220710.185935","sourceURI":"https://addons.mozilla.org/firefox/downloads/file/3973912/english_ca_language_pack-103.0buildid20220710.185935.xpi","homepageURL":null,"supportURL":null,"description":"Language pack for Firefox for en-CA","fullDescription":null,"weeklyDownloads":103,"type":"locale","creator":{"name":"Mozilla Firefox","url":"https://addons.mozilla.org/ja/firefox/user/4757633/"},"developers":[],"screenshots":[],"contributionURL":"","averageRating":4.06,"reviewCount":6,"reviewURL":"https://addons.mozilla.org/ja/firefox/addon/english-ca-language-pack/reviews/","updateDate":1657487831000},{"id":"langpack-ja@firefox.mozilla.org","icons":{"32":"https://addons.mozilla.org/static-server/img/addon-icons/default-32.2b26add4b394.png","64":"https://addons.mozilla.org/static-server/img/addon-icons/default-64.d144b50f2bb8.png","128":"https://addons.mozilla.org/static-server/img/addon-icons/default-128.452018499894.png"},"name":"Japanese Language Pack","version":"103.0buildid20220710.185935","sourceURI":"https://addons.mozilla.org/firefox/downloads/file/3973961/japanese_language_pack_1-103.0buildid20220710.185935.xpi","homepageURL":null,"supportURL":null,"description":"Japanese Language Pack","fullDescription":null,"weeklyDownloads":116,"type":"locale","creator":{"name":"Mozilla Firefox","url":"https://addons.mozilla.org/ja/firefox/user/4757633/"},"developers":[],"screenshots":[],"contributionURL":"","averageRating":4.1556,"reviewCount":19,"reviewURL":"https://addons.mozilla.org/ja/firefox/addon/japanese-language-pack-1/reviews/","updateDate":1657488156000},{"id":"user-agent-switcher@ninetailed.ninja","icons":{"32":"https://addons.mozilla.org/user-media/addon_icons/812/812521-32.png?modified=1607440675","64":"https://addons.mozilla.org/user-media/addon_icons/812/812521-64.png?modified=1607440675","128":"https://addons.mozilla.org/user-media/addon_icons/812/812521-128.png?modified=1607440675"},"name":"User-Agent Switcher","version":"1.4.1","sourceURI":"https://addons.mozilla.org/firefox/downloads/file/3690660/uaswitcher-1.4.1.xpi","homepageURL":"https://gitlab.com/ntninja/user-agent-switcher","supportURL":"https://gitlab.com/ntninja/user-agent-switcher/issues","description":"Easily override the browser's User-Agent string","fullDescription":"Easily pose as another browser by changing the User-Agent header.*\n\nPretending to be a different browser can be useful in a number of different situations:\n\n    Some web pages require you to log in or buy a subscription to view their content, but give full read access to search engines.\n    Some web pages determine whether you're using a mobile or desktop browser based on your user-agent.\n    Some web pages require you to use a specific browser to access their site.\n    And potentially more…\n\nNote that your browser will not magically morph into a different piece of software just because it's pretending to be some other software. If a web site locks you out because your browser does not support a feature they require then changing the User-Agent will not make any difference.\n\n* Also changes navigator.userAgent, as well generating convincing values for several of the other navigator.* properties.\n\n– Translating “User-Agent Switcher” to a new language\nAny help in translating this extension is greatly appreciated! To do so, simply visit our project on the WebLate hosted instance, create an account and either select an existing language or add a new one to get going. Thanks for helping out!\n\n(Alternatively you may submit a merge request on GitLab with the updated translation files or send me the translations using the “Support E-mail”-Address.)\n\n– Getting Help\nFound a bug or want a new feature? Please use the GitLab issue tracker to submit these instead of just mentioning them as part of your reviews. This way it becomes much easier for me to keep track of reported issues and get back to you if additional information is needed to help you.\n\nPlease note however that “User-Agent Switcher” is mostly in maintenance-only mode now and new features will not be added by me (the primary author, Alexander Schlarb) anymore. I'm still open for patches from the community however and would also welcome your support through the linked BountySource buttons under each Feature Request issue in the tracker.\n\n– Watching it work\nIf you want to watch User Agent Changer work, there are a few things you could try:\n\n    Use a web service (such as UserAgentString.com) to see your currently sent User-Agent header.\n    Use the built-in Network Analyzer (Ctrl-Shift-Q) to view the User-Agent header.\n    Enter navigator.userAgent into the Scripting Console (Ctrl-Shift-K) to view the client-side User-Agent value.\n\n\n– Frequently Asked Questions\n\n    Why doesn't the extension work on this very site (Mozilla/Firefox Add-ons)?\n\n    To find out more about why these restrictions exist and how disable them if you must, please take a look at the following blog article: https://ninetailed.ninja/extensions-modify-mozilla-sites.html\n\n    (This information was moved from this extension's description to an external source, since a Mozilla reviewer felt that suggesting changes like the one proposed in the linked article are not acceptable for the listing of sandboxed browser extension.)\n    Why is the extension file so large (4 MiB) compared to others?\n\n    In order to provide almost perfect emulation of User-Agent values, User Agent-Switcher bundles a stripped-down version of BrowsCap. This allows us to derive all relevant JavaScript navigator.* browser/OS identification values from just a single value: The User-Agent value you enter (and a bit of magic behind the scenes). Other extensions with a similarly complete level of emulation used to store all these values in huge tables along with the User-Agent value itself, making it very hard to add new entries.\n\n    Doing this kind of emulation without using BrowsCap would be extremely hard for us, as there are only few rules regarding the structure of User-Agent strings and the most interesting part end up in the extremely browser-specific comment section of the string. As such, we consider these extra 3MiB+ of data shipped with the extension a fair price to pay for having almost perfect out-of-the-box emulation of all these values with no extra user configuration required.\n\n    And yes, the BrowsCap data is here to stay and if you cannot cope with the extra size this causes please kindly download a different extension and don't down-vote. Other people appreciate this decision even if you don't.\n    Can this extension be installed on Firefox for Android?\n\n    Unfortunately Mozilla decided to limit support for extensions on their new Fenix browser platform to just a limited set of recommended extensions. You can read their official “rational” for this on their add-on blog: https://blog.mozilla.org/addons/2020/02/11/faq-for-extension-support-in-new-firefox-for-android/\n\n    If you want to use the extension anyways and are comfortable with switching to Firefox for Android Nightly, they added a convoluted process you can follow to install any extension not official endorsed by them for their new mobile platform: https://blog.mozilla.org/addons/2020/09/29/expanded-extension-support-in-firefox-for-android-nightly/. Note that I cannot test this myself as Mozilla dropped support for my device with the switch to the new platform, but user-feedback so far has been positive.","weeklyDownloads":2025,"type":"extension","creator":{"name":"Kuri Schlarb","url":"https://addons.mozilla.org/ja/firefox/user/5622055/"},"developers":[],"screenshots":[{"url":"https://addons.mozilla.org/user-media/previews/full/187/187816.png?modified=1622132699","width":341,"height":525,"thumbnailURL":"https://addons.mozilla.org/user-media/previews/thumbs/187/187816.jpg?modified=1622132699","thumbnailWidth":260,"thumbnailHeight":400,"caption":"Icon with Popup Menu"},{"url":"https://addons.mozilla.org/user-media/previews/full/187/187814.png?modified=1622132699","width":299,"height":525,"thumbnailURL":"https://addons.mozilla.org/user-media/previews/thumbs/187/187814.jpg?modified=1622132699","thumbnailWidth":228,"thumbnailHeight":400,"caption":"Random User-Agent Mode"},{"url":"https://addons.mozilla.org/user-media/previews/full/187/187817.png?modified=1622132700","width":700,"height":408,"thumbnailURL":"https://addons.mozilla.org/user-media/previews/thumbs/187/187817.jpg?modified=1622132700","thumbnailWidth":533,"thumbnailHeight":311,"caption":"Preferences (Table Mode)"},{"url":"https://addons.mozilla.org/user-media/previews/full/187/187818.png?modified=1622132700","width":700,"height":408,"thumbnailURL":"https://addons.mozilla.org/user-media/previews/thumbs/187/187818.jpg?modified=1622132700","thumbnailWidth":533,"thumbnailHeight":311,"caption":"Preferences (Text Mode)"}],"contributionURL":"","averageRating":4.4122,"reviewCount":165,"reviewURL":"https://addons.mozilla.org/ja/firefox/addon/uaswitcher/reviews/","updateDate":1607387420000}]}