{"tcp-rollout-phase-iii-tcp-on-by-default-for-50-existing-release-profiles":{"slug":"tcp-rollout-phase-iii-tcp-on-by-default-for-50-existing-release-profiles","branch":{"slug":"control","ratio":1,"feature":{"value":{},"enabled":false,"featureId":"this-is-included-for-desktop-pre-95-support"},"features":[{"value":{"enabled":true},"enabled":true,"featureId":"tcpByDefault"}]},"active":true,"enrollmentId":"6c8315ee-37c7-486a-b267-5f466ca2571a","experimentType":"nimbus","source":"rs-loader","userFacingName":"TCP rollout, Phase III (TCP on by default for 50% EXISTING Release profiles)","userFacingDescription":"\"By default\" rollout: Gradually turning on Total Cookie Protection in standard browsing by default for EXISTING user profiles","lastSeen":"2022-07-11T16:28:08.092Z","featureIds":["tcpByDefault"]}}