{"doh-rollout@mozilla.org":{"permissions":["internal:svgContextPropertiesAllowed"],"origins":[]},"formautofill@mozilla.org":{"permissions":["internal:svgContextPropertiesAllowed"],"origins":[]},"pictureinpicture@mozilla.org":{"permissions":["internal:svgContextPropertiesAllowed"],"origins":[]},"screenshots@mozilla.org":{"permissions":["internal:svgContextPropertiesAllowed"],"origins":[]},"webcompat@mozilla.org":{"permissions":["internal:svgContextPropertiesAllowed"],"origins":[]},"default-theme@mozilla.org":{"permissions":["internal:svgContextPropertiesAllowed","internal:privateBrowsingAllowed"],"origins":[]},"addons-search-detection@mozilla.com":{"permissions":["internal:svgContextPropertiesAllowed","internal:privateBrowsingAllowed"],"origins":[]},"google@search.mozilla.org":{"permissions":["internal:svgContextPropertiesAllowed","internal:privateBrowsingAllowed"],"origins":[]},"wikipedia@search.mozilla.org":{"permissions":["internal:svgContextPropertiesAllowed"],"origins":[]},"yahoo-jp-auctions@search.mozilla.org":{"permissions":["internal:svgContextPropertiesAllowed"],"origins":[]},"bing@search.mozilla.org":{"permissions":["internal:svgContextPropertiesAllowed","internal:privateBrowsingAllowed"],"origins":[]},"rakuten@search.mozilla.org":{"permissions":["internal:svgContextPropertiesAllowed"],"origins":[]},"yahoo-jp@search.mozilla.org":{"permissions":["internal:svgContextPropertiesAllowed"],"origins":[]},"ddg@search.mozilla.org":{"permissions":["internal:svgContextPropertiesAllowed","internal:privateBrowsingAllowed"],"origins":[]},"foxyproxy@eric.h.jung":{"permissions":["internal:privateBrowsingAllowed"],"origins":[]},"user-agent-switcher@ninetailed.ninja":{"permissions":["internal:privateBrowsingAllowed"],"origins":[]}}